URL RU,Title RU,Description RU,H1 RU,URL UA,Title UA,Description UA,H1 UA,URL EN,Title EN,Description EN,H1 EN
главная,"GENEVITY — центр долголетия, диагностики и эстетической медицины в Днепре","GENEVITY в Днепре 🤍 Центр долголетия, диагностики и эстетической медицины ✔️ Персональные программы здоровья 💫 Превентивный подход к омоложению.",GENEVITY — центр долголетия и эстетической медицины в Днепре,,"GENEVITY — центр довголіття, діагностики та естетичної медицини у Дніпрі","GENEVITY в Дніпрі 🤍 Центр довголіття, діагностики та естетичної медицини ✔️ Персональні програми здоров'я 💫 Превентивний підхід до омолодження.",GENEVITY — центр довголіття та естетичної медицини у Дніпрі,,"GENEVITY — center of longevity, diagnostics and aesthetic medicine in Dnipro","GENEVITY in Dnipro 🤍 Center for longevity, diagnostics and aesthetic medicine ✔️ Personal health programs 💫 Preventive approach to rejuvenation.",GENEVITY — Center for Longevity and Aesthetic Medicine in Dnipro
инъекционная косметология,Инъекционная косметология в Днепре — уколы красоты для лица,"Косметические уколы для лица в Днепре 🤍 GENEVITY 💫 Доступные цены на уколы красоты: ботокс, филлеры, биоревитализация ⏩ Врачи с опытом 🧬 Сертифицированные препараты.",Инъекционная косметология в Днепре,,Ін'єкційна косметологія у Дніпрі - уколи краси для обличчя,"Косметичні уколи для обличчя в Дніпрі 🤍 GENEVITY 💫 Доступні ціни на уколи краси: ботокс, філери, біоревіталізація ⏩ Лікарі з досвідом 🧬 Сертифіковані препарати.",Ін'єкційна косметологія в Дніпрі,,Injection cosmetology in Dnipro - beauty injections for the face,"Cosmetic injections for the face in Dnipro 🤍 GENEVITY 💫 Affordable prices for beauty injections: Botox, fillers, biorevitalization ⏩ Doctors with experience 🧬 Certified drugs.",Injectable Cosmetology in Dnipro
ботулинотерапия,Ботулинотерапия в Днепре - инъекции ботокса для лица,Ботокс для лица в Днепре 🤍 GENEVITY 💫 Доступные цены на уколы ботокса - разглаживание морщин инъекциями ботокса ⏩ Врачи с опытом 🧬 Сертифицированные препараты.,Ботулинотерапия в Днепре,,Ботулінотерапія у Дніпрі - ін'єкції ботоксу для обличчя,Ботокс для обличчя в Дніпрі 🤍 GENEVITY 💫 Доступні ціни на уколи ботоксу - розгладження зморшок ін'єкціями ботоксу ⏩ Лікарі з досвідом 🧬 Сертифіковані препарати.,Ботулінотерапія в Дніпрі,,Botulinotherapy in Dnipro - Botox injections for the face,Botox for the face in Dnipro 🤍 GENEVITY 💫 Affordable prices for Botox injections - smoothing wrinkles with Botox injections ⏩ Doctors with experience 🧬 Certified drugs.,Botox Treatments in Dnipro
контурная пластика,Контурная пластика лица в Днепре - услуги контурной пластики,Контурная пластика лица в Днепре 🤍 GENEVITY 💫 Доступные цены на контурную пластику филлерами ⏩ Врачи с опытом 🧬 Сертифицированные препараты.,Контурная пластика лица в Днепре,,Контурна пластика обличчя у Дніпрі - послуги контурної пластики,Контурна пластика обличчя в Дніпрі 🤍 GENEVITY 💫 Доступні ціни на контурну пластику філерами ⏩ Лікарі з досвідом 🧬 Сертифіковані препарати.,Контурна пластика обличчя в Дніпрі,,Face contouring in Dnipro - contouring services,Facial contouring in Dnipro 🤍 GENEVITY 💫 Affordable prices for contouring with fillers ⏩ Doctors with experience 🧬 Certified drugs.,Facial Contouring in Dnipro
биоревитализация,Биоревитализация в Днепре - процедура биоревитализации лица,Процедура биоревитализации в Днепре 🤍 GENEVITY 💫 Доступные цены на биоревитализацию кожи ⏩ Врачи с опытом 🧬 Сертифицированные препараты.,Биоревитализация в Днепре,,Біоревіталізація у Дніпрі - процедура біоревіталізації обличчяи,Процедура біоревіталізації в Дніпрі 🤍 GENEVITY 💫 Доступні ціни на біоревіталізацію шкіри ⏩ Лікарі з досвідом 🧬 Сертифіковані препарати.,Біоревіталізація в Дніпрі,,Biorevitalization in Dnipro - facial biorevitalization procedure,Biorevitalization procedure in Dnipro 🤍 GENEVITY 💫 Affordable prices for skin biorevitalization ⏩ Doctors with experience 🧬 Certified drugs.,Biorevitalization in Dnipro
мезотерапия,Мезотерапия для лица в Днепре - инъекционная мезотерапия лица,Процедура мезотерапии в Днепре 🤍 GENEVITY 💫 Доступные цены на омоложение лица мезотерапией ⏩ Врачи с опытом 🧬 Сертифицированные препараты.,Мезотерапия для лица в Днепре,,Мезотерапія для обличчя у Дніпрі - ін'єкційна мезотерапія обличчяи,Процедура мезотерапії в Дніпрі 🤍 GENEVITY 💫 Доступні ціни на омолодження обличчяи мезотерапією ⏩ Лікарі з досвідом 🧬 Сертифіковані препарати.,Мезотерапія для обличчя в Дніпрі,,Face mesotherapy in Dnipro - facial injection mesotherapy,Mesotherapy procedure in Dnipro 🤍 GENEVITY 💫 Affordable prices for facial rejuvenation with mesotherapy ⏩ Experienced doctors 🧬 Certified drugs.,Facial mesotherapy in Dnipro
prp терапия,PRP-терапия в Днепре - уколы плазмы,Процедура PRP-плазмотерапия в Днепре 🤍 GENEVITY 💫 Доступные цены на процедуру плазмотерапии аппаратом arthrex ⏩ Врачи с опытом 🧬 Безопасность процедуры.,PRP-терапия в Днепре,,PRP-терапія у Дніпрі - уколи плазми,Процедура PRP-плазмотерапія в Дніпрі 🤍 GENEVITY 💫 Доступні ціни на процедуру плазмотерапії апаратом arthrex ⏩ Лікарі з досвідом 🧬 Безпека процедури.,PRP-терапія в Дніпрі,,PRP therapy in Dnipro - plasma injections,PRP-plasma therapy procedure in Dnipro 🤍 GENEVITY 💫 Affordable prices for plasma therapy procedure arthrex device ⏩ Experienced doctors 🧬 Safety of the procedure.,PRP therapy in Dnipro
экзосомы,Экзосомы для лица в Днепре - инъекции экзосом для лица,Инъекции экзосом для глубокого восстановления кожи в Днепре 🤍 GENEVITY 💫 Доступные цены на процедуру экзосомальной терапии ⏩ Врачи с опытом 🧬 Сертифицированные препараты.,Экзосомы для лица в Днепре,,Екзосоми для обличчяи у Дніпрі - ін'єкції екзосом для обличчяи,Ін'єкції екзосом для глибокого відновлення шкіри в Дніпрі 🤍 GENEVITY 💫 Доступні ціни на процедуру екзосомальної терапії ⏩ Лікарі з досвідом 🧬 Сертифіковані препарати.,Екзосоми для обличчя в Дніпрі,,Exosomes for the face in Dnipro - facial exosomes injections,Exosome injections for deep skin regeneration in Dnipro 🤍 GENEVITY 💫 Affordable prices for exosomal therapy procedure ⏩ Experienced doctors 🧬 Certified drugs.,Facial exosomes in Dnipro
стволовая клеточная терапия,Омоложение стволовыми клетками в Днепре - процедура омоложения стволовыми клетками,Процедура омоложения стволовыми клетками в Днепре 🤍 GENEVITY 💫 Доступные цены на омолаживающие процедуры со стволовыми клетками ⏩ Врачи с опытом 🧬 Сертифицированные препараты.,Омоложение стволовыми клетками в Днепре,,Омолодження стовбуровими клітинами у Дніпрі - процедура омолодження стовбуровими клітинами,Процедура омолодження стовбуровими клітинами в Дніпрі 🤍 GENEVITY 💫 Доступні ціни на омолоджуючі процедури зі стовбуровими клітинами ⏩ Лікарі з досвідом 🧬 Сертифіковані препарати.,Омолодження стовбуровими клітинами в Дніпрі,,Stem cell rejuvenation in Dnipro - stem cell rejuvenation procedure,Stem cell rejuvenation procedure in Dnipro 🤍 GENEVITY 💫 Affordable prices for rejuvenating procedures with stem cells ⏩ Experienced doctors 🧬 Certified drugs.,Stem cell rejuvenation in Dnipro
rejuran,Уколы Rejuran в Днепре - косметологические инъекции Rejuran,Косметологические инъекции Rejuran в Днепре 🤍 GENEVITY 💫 Доступные цены на омоложение препаратом Rejuran ⏩ Врачи с опытом 🧬 Сертифицированные препараты.,Уколы Rejuran в Днепре,,Уколи Rejuran у Дніпрі - косметологічні ін'єкції Rejuran,Косметологічні ін'єкції Rejuran в Дніпрі 🤍 GENEVITY 💫 Доступні ціни на омолодження препаратом Rejuran ⏩ Лікарі з досвідом 🧬 Сертифіковані препарати.,Уколи Rejuran в Дніпрі,,Rejuran injections in Dnipro - Rejuran cosmetic injections,Rejuran cosmetic injections in Dnipro 🤍 GENEVITY 💫 Affordable prices for rejuvenation with Rejuran ⏩ Experienced doctors 🧬 Certified drugs.,Rejuran injections in Dnipro
juvederm,Уколы Juvederm в Днепре - косметологические инъекции Juvederm,Косметологические инъекции Juvederm в Днепре 🤍 GENEVITY 💫 Доступные цены на омоложение препаратом Juvederm ⏩ Врачи с опытом 🧬 Сертифицированные препараты.,Уколы Juvederm в Днепре,,Уколи Juvederm у Дніпрі - косметологічні ін'єкції Juvederm,Косметологічні ін'єкції Juvederm в Дніпрі 🤍 GENEVITY 💫 Доступні ціни на омолодження препаратом Juvederm ⏩ Лікарі з досвідом 🧬 Сертифіковані препарати.,Уколи Juvederm в Дніпрі,,Juvederm injections in Dnipro - Juvederm cosmetic injections,Juvederm cosmetic injections in Dnipro 🤍 GENEVITY 💫 Affordable prices for rejuvenation with Juvederm ⏩ Experienced doctors 🧬 Certified drugs.,Juvederm Injections in Dnipro
polyphil,Уколы PolyPhil в Днепре - косметологические инъекции PolyPhil,Косметологические инъекции PolyPhil в Днепре 🤍 GENEVITY 💫 Доступные цены на омоложение препаратом PolyPhil ⏩ Врачи с опытом 🧬 Сертифицированные препараты.,Уколы PolyPhil в Днепре,,Уколи PolyPhil у Дніпрі - косметологічні ін'єкції PolyPhil,Косметологічні ін'єкції PolyPhil у Дніпрі 🤍 GENEVITY 💫 Доступні ціни на омолодження препаратом PolyPhil ⏩ Лікарі з досвідом 🧬 Сертифіковані препарати.,Уколи PolyPhil в Дніпрі,,PolyPhil injections in Dnipro - cosmetic injections PolyPhil,PolyPhil cosmetic injections in Dnipro 🤍 GENEVITY 💫 Affordable prices for rejuvenation with PolyPhil ⏩ Experienced doctors 🧬 Certified drugs.,PolyPhil Injections in Dnipro
аппаратная косметология,Аппаратная косметология в Днепре - услуги аппаратной косметологии,Современная аппаратная косметология в Днепре 🤍 GENEVITY 💫 Доступные цены на процедуры аппаратной косметологии ⏩ Врачи с опытом 🧬 Современное оборудование.,Аппаратная косметология в Днепре,,Апаратна косметологія у Дніпрі - послуги апаратної косметології,Сучасна апаратна косметологія в Дніпрі 🤍 GENEVITY 💫 Доступні ціни на процедури апаратної косметології ⏩ Лікарі з досвідом 🧬 Сучасне обладнання.,Апаратна косметологія в Дніпрі,,Hardware cosmetology in Dnipro - hardware cosmetology services,Modern hardware cosmetology in Dnipro 🤍 GENEVITY 💫 Affordable prices for hardware cosmetology procedures ⏩ Experienced doctors 🧬 Modern equipment.,Non-invasive Cosmetic Treatments in Dnipro
аппаратные процедуры для лица,Аппаратные процедуры для лица в Днепре - процедуры аппаратной косметологии лица,Процедуры аппаратной косметологии лица в Днепре 🤍 GENEVITY 💫 Доступные цены на аппаратные процедуры для лица ⏩ Врачи с опытом 🧬 Современное оборудование.,Аппаратные процедуры для лица в Днепре,,Апаратні процедури для обличчя у Дніпрі - процедури апаратної косметології обличчя,Процедури апаратної косметології обличчя в Дніпрі 🤍 GENEVITY 💫 Доступні ціни на апаратні процедури для обличчя ⏩ Лікарі з досвідом 🧬 Сучасне обладнання.,Апаратні процедури для обличчя в Дніпрі,,Hardware facial procedures in Dnipro - hardware facial cosmetology procedures,Hardware facial cosmetology procedures in Dnipro 🤍 GENEVITY 💫 Affordable prices for hardware facial procedures ⏩ Experienced doctors 🧬 Modern equipment.,Non-invasive Facial Treatments in Dnipro
emface,Процедура на аппарате EMFACE в Днепре - безоперационный лифтинг для лица,"Процедура EMFACE для лица в Днепре 🤍 GENEVITY 💫 Доступные цены на безоперационный, безинъекционный лифтинг для лица на аппарате EMFACE ⏩ Врачи с опытом 🧬 Современное оборудование.",Процедура EMFACE в Днепре,,Процедура на апараті EMFACE у Дніпрі - безопераційний ліфтинг для обличчяи,Процедура EMFACE для обличчя в Дніпрі 🤍 GENEVITY 💫 Доступні ціни на безопераційний безін’єкційний ліфтинг для обличчя на апараті EMFACE ⏩ Лікарі з досвідом 🧬 Сучасне обладнання.,Процедура EMFACE в Дніпрі,,EMFACE procedure in Dnipro - non-surgical face lifting,EMFACE procedure for the face in Dnipro 🤍 GENEVITY 💫 Affordable prices for non-surgical face lifting using the EMFACE device ⏩ Experienced doctors 🧬 Modern equipment.,EMFACE Treatment in Dnipro
volnewmer,Процедура на аппарате VOLNEWMER в Днепре - радиочастотный лифтинг для лица,Процедура VOLNEWMER для лица в Днепре 🤍 GENEVITY 💫 Доступные цены на радиочастотный лифтинг и омоложение для лица на аппарате VOLNEWMER ⏩ Врачи с опытом 🧬 Современное оборудование.,Процедура VOLNEWMER в Днепре,,Процедура на апараті VOLNEWMER у Дніпрі - радіочастотний ліфтинг для обличчя,Процедура VOLNEWMER для обличчяи в Дніпрі 🤍 GENEVITY 💫 Доступні ціни на радіочастотний ліфтинг та омолодення для обличчя на апараті VOLNEWMER ⏩ Лікарі з досвідом 🧬 Сучасне обладнання.,Процедура VOLNEWMER в Дніпрі,,VOLNEWMER procedure in Dnipro - radiofrequency face lifting,VOLNEWMER procedure for the face in Dnipro 🤍 GENEVITY 💫 Affordable prices for radiofrequency lifting for the face using the VOLNEWMER device ⏩ Experienced doctors 🧬 Modern equipment.,VOLNEWMER Treatment in Dnipro
exion,Процедура EXION Face в Днепре - радиочастотная терапия для кожи,Процедура EXION Face для лица в Днепре 🤍 GENEVITY 💫 Доступные цены на радиочастотную терапию для красивой подтянутой кожи на аппарате EXION Face ⏩ Врачи с опытом 🧬 Современное оборудование.,Процедура EXION Face в Днепре,,Процедура EXION Face у Дніпрі - радіочастотна терапія для шкіри,Процедура EXION Face для обличчя в Дніпрі 🤍 GENEVITY 💫 Доступні ціни на радіочастотну терапію для гарної підтягнутої шкіри на апараті EXION Face ⏩ Лікарі з досвідом 🧬 Сучасне обладнання.,Процедура EXION Face в Дніпрі,,EXION Face procedure in Dnipro - radiofrequency therapy for the skin,EXION Face procedure for the face in Dnipro 🤍 GENEVITY 💫 Affordable prices for radiofrequency therapy for beautiful skin on the EXION Face device ⏩ Experienced doctors 🧬 Modern equipment.,EXION Face Treatment in Dnipro
ultraformer mpt,Ультраформер в Днепре - смас лифтинг лица Ultraformer MPT,Процедура Ultraformer MPT в Днепре 🤍 GENEVITY 💫 Доступные цены на смас лифтинг лица на аппарате Ultraformer MPT ⏩ Врачи с опытом 🧬 Современное оборудование.,Ultraformer MPT в Днепре,,Ультраформер у Дніпрі - смас ліфтинг обличчя Ultraformer MPT,Процедура Ultraformer MPT у Дніпрі 🤍 GENEVITY 💫 Доступні ціни на смас ліфтинг обличчяи на апараті Ultraformer MPT ⏩ Лікарі з досвідом 🧬 Сучасне обладнання.,Ultraformer MPT в Дніпрі,,Ultraformer in Dnipro - smas face lifting Ultraformer MPT,Ultraformer MPT procedure in Dnipro 🤍 GENEVITY 💫 Affordable prices for face massage lifting on the Ultraformer MPT device ⏩ Experienced doctors 🧬 Modern equipment.,Ultraformer MPT in Dnipro
аппаратная косметология для тела,Аппаратная косметология для тела в Днепре - услуги аппаратной косметологии для тела,Современная аппаратная косметология для коррекции тела в Днепре 🤍 GENEVITY 💫 Доступные цены на процедуры аппаратной косметологии для тела ⏩ Врачи с опытом 🧬 Современное оборудование.,Аппаратная косметология для тела в Днепре,,Апаратна косметологія для тіла у Дніпрі - послуги апаратної косметології для тіла,Сучасна апаратна косметологія для корекції тіла в Дніпрі 🤍 GENEVITY 💫 Доступні ціни на процедури апаратної косметології для тіла ⏩ Лікарі з досвідом 🧬 Сучасне обладнання.,Апаратна косметологія для тіла в Дніпрі,,Hardware body cosmetology in Dnipro - hardware body cosmetology services,Modern hardware cosmetology for the body in Dnipro 🤍 GENEVITY 💫 Affordable prices for hardware cosmetology procedures for the body ⏩ Experienced doctors 🧬 Modern equipment.,Non-invasive body treatments in Dnipro
emsculpt neo,Процедура на аппарате Emsculpt Neo в Днепре - неинвазивная методика коррекции фигуры,Процедура Emsculpt Neo в Днепре 🤍 GENEVITY 💫 Доступные цены на неинвазивную коррекцию тела на аппарате Emsculpt Neo ⏩ Врачи с опытом 🧬 Современное оборудование.,Процедура Emsculpt Neo в Днепре,,Процедура на апараті Emsculpt Neo у Дніпрі - неінвазивна методика корекції фігури,Процедура Emsculpt Neo в Дніпрі 🤍 GENEVITY 💫 Доступні ціни на неінвазивну корекцію тіла на апараті Emsculpt Neo ⏩ Лікарі з досвідом 🧬 Сучасне обладнання.,Процедура Emsculpt Neo в Дніпрі,,Emsculpt Neo procedure in Dnipro - non-invasive figure correction technique,Emsculpt Neo procedure in Dnipro 🤍 GENEVITY 💫 Affordable prices for non-invasive body correction on the Emsculpt Neo device ⏩ Experienced doctors 🧬 Modern equipment.,Emsculpt Neo treatment in Dnipro
ultraformer mpt тело,Ультраформер для тела в Днепре - смас лифтинг тела Ultraformer MPT,Ультразвуковой SMAS-лифтинг тела на аппарате ультраформер МРТ в Днепре 🤍 GENEVITY 💫 Доступные цены на SMAS-лифтинг тела на аппарате Ultraformer MPT ⏩ Врачи с опытом 🧬 Современное оборудование.,Ultraformer MPT для тела в Днепре,,Ультраформер для тіла у Дніпрі - смас ліфтинг тіла Ultraformer MPT,Ультразвуковий SMAS-ліфтинг тіла на апараті ультраформер МРТ у Дніпрі 🤍 GENEVITY 💫 Доступні ціни на SMAS-ліфтинг тіла на апараті Ultraformer MPT ⏩ Лікарі з досвідом 🧬 Сучасне обладнання.,Ultraformer MPT для тіла в Дніпрі,,Ultraformer for the body in Dnipro - smas body lifting Ultraformer MPT,Ultrasonic SMAS-lifting of the body on the Ultraformer MPT device in Dnipro 🤍 GENEVITY 💫 Affordable prices for SMAS-lifting of the body on the Ultraformer MPT device ⏩ Experienced doctors 🧬 Modern equipment.,Ultraformer MPT for the body in Dnipro
exion body,Процедура EXION Body в Днепре - радиочастотная терапия для кожи тела,Процедура EXION Body для тела в Днепре 🤍 GENEVITY 💫 Доступные цены на радиочастотную терапию для красивой подтянутой кожи тела на аппарате EXION Body ⏩ Врачи с опытом 🧬 Современное оборудование.,Процедура EXION Body в Днепре,,Процедура EXION Body у Дніпрі - радіочастотна терапія для шкіри тіла,Процедура EXION Body для тіла в Дніпрі 🤍 GENEVITY 💫 Доступні ціни на радіочастотну терапію для гарної підтягнутої шкіри тіла на апараті EXION Body ⏩ Лікарі з досвідом 🧬 Сучасне обладнання.,Процедура EXION Body в Дніпрі,,EXION Body procedure in Dnipro - radiofrequency therapy for the skin of the body,EXION Body procedure for the body in Dnipro 🤍 GENEVITY 💫 Affordable prices for radiofrequency therapy for beautiful skin on the EXION Body device ⏩ Experienced doctors 🧬 Modern equipment.,EXION Body treatment in Dnipro
m22 stellar black,Процедура на аппарате M22 Stellar Black в Днепре - фотоомоложение и коррекция дефектов кожи,Процедура на аппарате M22 Stellar Black для тела в Днепре 🤍 GENEVITY 💫 Доступные цены на неинвазивную коррекцию фигуры и лица на аппарате M22 Stellar Black ⏩ Врачи с опытом 🧬 Современное оборудование.,Процедура M22 Stellar Black в Днепре,,Процедура на апараті M22 Stellar Black у Дніпрі - фотоомолоджування та корекція дефектів шкіри,Процедура на апараті M22 Stellar Black для тіла в Дніпрі 🤍 GENEVITY 💫 Доступні ціни на неінвазивну корекцію фігури та обличчя на апараті M22 Stellar Black ⏩ Лікарі з досвідом 🧬 Сучасне обладнання.,Процедура M22 Stellar Black в Дніпрі,,M22 Stellar Black procedure in Dnipro - photorejuvenation and correction of skin defects,M22 Stellar Black procedure for the body in Dnipro 🤍 GENEVITY 💫 Affordable prices for non-invasive figure correction and face on the M22 Stellar Black device ⏩ Experienced doctors 🧬 Modern equipment.,M22 Stellar Black treatment in Dnipro
splendor x,Процедуры на аппарате Splendor X в Днепре - лазерное удаление волос и омоложение кожи,Процедура на аппарате Splendor X для тела в Днепре 🤍 GENEVITY 💫 Доступные цены на комплексное омоложение и коррекцию дефектов кожи на аппарате Splendor X ⏩ Врачи с опытом 🧬 Современное оборудование.,Процедура Splendor X в Днепре,,Процедури на апараті Splendor X у Дніпрі - лазерне видалення волосся та омолодження шкіри,Процедура на апараті Splendor X для тіла в Дніпрі 🤍 GENEVITY 💫 Доступні ціни на комплексне омолодження та корекцію дефектів шкіри на апараті Splendor X ⏩ Лікарі з досвідом 🧬 Сучасне обладнання.,Процедура Splendor X в Дніпрі,,Splender X procedure in Dnipro - laser hair removal and skin rejuvenation,Splendor X procedure for the body in Dnipro 🤍 GENEVITY 💫 Affordable prices for comprehensive rejuvenation and correction of skin defects on the Splendor X device ⏩ Experienced doctors 🧬 Modern equipment.,Splendor X treatment in Dnipro
hydrafacial,Hydrafacial в Днепре - комплексная чистка HydraFacial,Чистка лица на аппарате HydraFacial в Днепре 🤍 GENEVITY 💫 Доступные цены на аппаратную чистку лица HydraFacial ⏩ Врачи с опытом 🧬 Современное оборудование.,Комплексная чистка HydraFacial в Днепре,,Hydrafacial у Дніпрі - комплексне очищення HydraFacial,Очищення обличчя на апараті HydraFacial в Дніпрі 🤍 GENEVITY 💫 Доступні ціни на апаратне очищення обличчя HydraFacial ⏩ Лікарі з досвідом 🧬 Сучасне обладнання.,Комплексне очищення HydraFacial в Дніпрі,,Hydrafacial in Dnipro - comprehensive HydraFacial cleaning,HydraFacial facial cleansing in Dnipro 🤍 GENEVITY 💫 Affordable prices for HydraFacial facial cleansing ⏩ Experienced doctors 🧬 Modern equipment.,HydraFacial Comprehensive Cleansing in Dnipro
Acupuls co2,Лазерная шлифовка AcuPulse CO2 в Днепре - лазерная шлифовкка на аппарате AcuPulse CO2,Лазерная шлифовка на аппарате AcuPulse CO2 в Днепре 🤍 GENEVITY 💫 Доступные цены на лазерную шлифовку на аппарате AcuPulse CO2 ⏩ Врачи с опытом 🧬 Современное оборудование.,Лазерная шлифовка AcuPulse CO2 в Днепре,,Лазерне шліфування AcuPulse CO2 у Дніпрі - лазерне шліфування на апараті AcuPulse CO2,Лазерне шліфування на апараті AcuPulse CO2 в Дніпрі 🤍 GENEVITY 💫 Доступні ціни на лазерне шліфування на апараті AcuPulse CO2 ⏩ Лікарі з досвідом 🧬 Сучасне обладнання.,Лазерне шліфування AcuPulse CO2 в Дніпрі,,AcuPulse CO2 laser resurfacing in Dnipro - laser resurfacing on the AcuPulse CO2 device,Laser resurfacing with AcuPulse CO2 in Dnipro 🤍 GENEVITY 💫 Affordable prices for AcuPulse CO2 laser resurfacing ⏩ Experienced doctors 🧬 Modern equipment.,AcuPulse CO2 Laser Resurfacing in Dnipro
Аппаратная косметология для интимной зоны,Аппаратная косметология для интимных зон в Днепре - услуги аппаратной интимной косметологии,Современная аппаратная косметология для интимных зон в Днепре 🤍 GENEVITY 💫 Доступные цены на процедуры аппаратной косметологии для интимных зон ⏩ Врачи с опытом 🧬 Современное оборудование.,Аппаратная косметология для интимных зон в Днепре,,Апаратна косметологія для інтимних зон у Дніпрі - послуги апаратної інтимної косметології,Сучасна апаратна косметологія для інтимних зон у Дніпрі 🤍 GENEVITY 💫 Доступні ціни на процедури апаратної косметології для інтимних зон ⏩ Лікарі з досвідом 🧬 Сучасне обладнання.,Апаратна косметологія для інтимних зон в Дніпрі,,Hardware cosmetology for intimate areas in Dnipro - hardware intimate cosmetology services,Modern hardware cosmetology for intimate areas in Dnipro 🤍 GENEVITY 💫 Affordable prices for hardware cosmetology procedures for intimate areas ⏩ Experienced doctors 🧬 Modern equipment.,Non-invasive cosmetic treatments for intimate areas in Dnipro
монополярный rf лифтинг,Монополярный RF-лифтинг в Днепре - процедура глубокого омоложения и подтяжки кожи,Монополярный RF-лифтинг в Днепре 🤍 GENEVITY 💫 Доступные цены на монополярный РФ лифтинг ⏩ Врачи с опытом 🧬 Современное оборудование.,Монополярный RF-лифтинг в Днепре,,Монополярний RF-ліфтинг у Дніпрі - процедура глибокого омолодження та підтяжки шкіри,Монополярний RF-ліфтинг у Дніпрі 🤍 GENEVITY 💫 Доступні ціни на монополярний РФ ліфтинг ⏩ Лікарі з досвідом 🧬 Сучасне обладнання.,Монополярний RF-ліфтінг в Дніпрі,,Monopolar RF-lifting in Dnipro - deep rejuvenation and skin tightening procedure,Monopolar RF-lifting in Dnipro 🤍 GENEVITY 💫 Affordable prices for monopolar RF lifting ⏩ Experienced doctors 🧬 Modern equipment.,Monopolar RF Lifting in Dnipro
Acupulse CO2 интимное омоложение,Лазерное интимное омоложение AcuPulse CO2 в Днепре - лазерное интимное омоложение CO2,Интимное омоложение лазером CO2 AcuPulse в Днепре 🤍 GENEVITY 💫 Доступные цены на интимное омоложение и послеродовое восстановление СО2-лазером ⏩ Врачи с опытом 🧬 Современное оборудование.,Лазерное интимное омоложение AcuPulse CO2 в Днепре,,Лазерне інтимне омолодження AcuPulse CO2 у Дніпрі - лазерне інтимне омолодження CO2,Інтимне омолодження лазером CO2 AcuPulse в Дніпрі 🤍 GENEVITY 💫 Доступні ціни на інтимне омолодження та післяпологове відновлення СО2-лазером ⏩ Лікарі з досвідом 🧬 Сучасне обладнання.,Лазерне інтимне омолодження AcuPulse CO2 в Дніпрі,,AcuPulse CO2 laser intimate rejuvenation in Dnipro - CO2 laser intimate rejuvenation,Intimate rejuvenation with CO2 laser AcuPulse in Dnipro 🤍 GENEVITY 💫 Affordable prices for intimate rejuvenation and postpartum recovery with CO2 laser ⏩ Experienced doctors 🧬 Modern equipment.,AcuPulse CO2 Laser Intimate Rejuvenation in Dnipro
лазерная эпиляция,Лазерная эпиляция в Днепре - услуги лазерной эпиляции,Лазерная эпиляция в Днепре 🤍 GENEVITY 💫 Доступные цены на безболезненную лазерную эпиляцию ⏩ Врачи с опытом 🧬 Современное оборудование.,Лазерная эпиляция в Днепре,,Лазерна епіляція у Дніпрі - послуги лазерної епіляції,Лазерна епіляція в Дніпрі 🤍 GENEVITY 💫 Доступні ціни на безболісну лазерну епіляцію ⏩ Лікарі з досвідом 🧬 Сучасне обладнання.,Лазерна епіляція в Дніпрі,,Laser hair removal in Dnipro - laser services hair removal,Laser hair removal in Dnipro 🤍 GENEVITY 💫 Affordable prices for laser hair removal ⏩ Experienced doctors 🧬 Modern equipment.,Laser Hair Removal in Dnipro
лазерная эпиляция для мужчин,Лазерная эпиляция для мужчин в Днепре - мужская лазерная эпиляция,Лазерная эпиляция для мужчин в Днепре 🤍 GENEVITY 💫 Доступные цены на лазерное удаление волос для мужчин ⏩ Врачи с опытом 🧬 Современное оборудование.,Лазерная эпиляция для мужчин в Днепре,,Лазерна епіляція для чоловіків у Дніпрі - чоловіча лазерна епіляція,Лазерна епіляція для чоловіків у Дніпрі 🤍 GENEVITY 💫 Доступні ціни на лазерне видалення волосся для чоловіків ⏩ Лікарі з досвідом 🧬 Сучасне обладнання.,Лазерна епіляція для чоловіків в Дніпрі,,Laser hair removal for men in Dnipro - men's laser hair removal,Laser hair removal for men in Dnipro 🤍 GENEVITY 💫 Affordable prices for laser hair removal for men ⏩ Experienced doctors 🧬 Modern equipment.,Laser Hair Removal for Men in Dnipro
лазерная эпиляция для женщин,Лазерная эпиляция для женщин в Днепре - женская лазерная эпиляция,Лазерная эпиляция для женщин в Днепре 🤍 GENEVITY 💫 Доступные цены на лазерное безболезненное удаление волос для женщин ⏩ Врачи с опытом 🧬 Современное оборудование.,Лазерная эпиляция для женщин в Днепре,,Лазерна епіляція для жінок у Дніпрі - жіноча лазерна епіляція.,Лазерна епіляція для жінок у Дніпрі 🤍 GENEVITY 💫 Доступні ціни на лазерне безболісне видалення волосся для жінок ⏩ Лікарі з досвідом 🧬 Сучасне обладнання.,Лазерна епіляція для жінок в Дніпрі,,Laser hair removal for women in Dnipro - women's laser hair removal.,Laser hair removal for women in Dnipro 🤍 GENEVITY 💫 Affordable prices for laser hair removal for women ⏩ Experienced doctors 🧬 Modern equipment.,Laser Hair Removal for Women in Dnipro
check up 40,Чек-ап здоровья после 40+ лет в Днепре - скрининг здоровья 40+,Комплексная диагностика организма 40+ в Днепре 🤍 GENEVITY 💫 Доступные цены на комплексную диагностику организма после 40 лет ⏩ Врачи с опытом 🧬 Современное оборудование.,Check-up 40+ в Днепре,,Чек-ап здоров'я після 40+ років у Дніпрі - скринінг здоров'я 40+,Комплексна діагностика організму 40+ у Дніпрі 🤍 GENEVITY 💫 Доступні ціни на комплексну діагностику організму після 40 років ⏩ Лікарі з досвідом 🧬 Сучасне обладнання.,Check-up 40+ в Дніпрі,,Health check-up after 40+ years in Dnipro - health screening 40+,Comprehensive body diagnostics 40+ in Dnipro 🤍 GENEVITY 💫 Affordable prices for comprehensive body diagnostics after 40 years ⏩ Experienced doctors 🧬 Modern equipment.,40+ Check-up in Dnipro
Longevity программа,Программа долголетия Longevity в Днепре - программа здоровое долголетие,Программы активного долголетия Longevity в Днепре 🤍 GENEVITY 💫 Продление молодости и поддержка здоровья ⏩ Сопровождение врачей.,Программа долголетия Longevity в Днепре,,Програма довголіття Longevity у Дніпрі - програма здорове довголіття,Програми активного довголіття Longevity у Дніпрі 🤍 GENEVITY 💫 Продовження молодості та підтримка здоров'я ⏩ Супровід лікарів.,Програма довголіття Longevity в Дніпрі,,Longevity program in Dnipro - healthy longevity program,Longevity active longevity programs in Dnipro 🤍 GENEVITY 💫 Continuation of youth and health support ⏩ Medical support.,Longevity Program in Dnipro
программа гормональный баланс,Программа гормональный баланс в Днепре - восстановление гормонального здоровья,"Программа восстановления гормонального баланса в Днепре 🤍 GENEVITY 💫 Диагностика, анализы, индивидуальный план лечения и сопровождение врачей ⏩ Улучшение самочувствия и энергии.",Программа гормональный баланс в Днепре,,Програма гормональний баланс у Дніпрі - відновлення гормонального здоров'я,"Програма відновлення гормонального балансу в Дніпрі 🤍 GENEVITY 💫 Діагностика, аналізи, індивідуальний план лікування та супровід лікарів ⏩ Поліпшення самопочуття та енергії.",Програма гормональний баланс в Дніпрі,,Hormonal balance program in Dnipro - restoration of hormonal health,"Hormonal balance restoration program in Dnipro 🤍 GENEVITY 💫 Diagnostics, individual treatment plan and medical support ⏩ Improving well-being and energy.",Hormonal Balance Program in Dnipro
iv терапия,IV терапия в Днепре - внутривенная витаминная терапия,IV терапия в Днепре 🤍 GENEVITY 💫 Внутривенная витаминная терапия для восстановления и укрепления организма 💫 Доступные цены на витаминную терапию 🧬 Врачи с опытом.,IV терапия в Днепре,,IV терапія у Дніпрі - внутрішньовенна вітамінна терапія,IV терапія в Дніпрі 🤍 GENEVITY 💫 Внутрішньовенна вітамінна терапія для відновлення та зміцнення організму 💫 Доступні ціни на вітамінну терапію 🧬 Досвідчені лікарі.,IV терапія в Дніпрі,,IV therapy in Dnipro - intravenous vitamin therapy,IV therapy in Dnipro 🤍 GENEVITY 💫 Intravenous vitamin therapy to restore and strengthen the body 💫 Affordable prices for vitamin therapy 🧬 Experienced doctors.,IV Therapy in Dnipro
нутрицевтика,Нутрициолог в Днепре - консультация врача нутрициолога,Нутрициолог в Днепре 🤍 GENEVITY 💫 Консультация врача-нутрициолога по доступной цене ⏩ Индивидуальный подбор питания и анализ состояния организма 🧬 Врачи с опытом.,Нутрициолог в Днепре,,Нутриціолог у Дніпрі - консультація лікаря нутриціолога,Нутриціолог у Дніпрі 🤍 GENEVITY 💫 Консультація лікаря-нутриціолога за доступною ціною ⏩ Індивідуальний підбір харчування та аналіз стану організму 🧬 Лікарі з досвідом.,Нутриціолог в Дніпрі,,Nutritionist in Dnipro - consultation with a nutritionist,Nutritionist in Dnipro 🤍 GENEVITY 💫 Consultation with a nutritionist at an affordable price ⏩ Individual nutrition selection and analysis of the body's condition 🧬 Experienced doctors.,Nutritionist in Dnipro
стационар,Стационар в Днепре - услуги дневного стационара,Частный стационар в Днепре 🤍 GENEVITY 💫 Доступные цены на услуги дневного стационара ⏩ Врачи с опытом 🧬 Современное оборудование.,Стационар в Днепре,,Стаціонар у Дніпрі - послуги денного стаціонару,Приватний стаціонар у Дніпрі 🤍 GENEVITY 💫 Доступні ціни на послуги денного стаціонару ⏩ Лікарі з досвідом 🧬 Сучасне обладнання.,Стаціонар в Дніпрі,,Inpatient in Dnipro - day hospital services,Private hospital in Dnipro 🤍 GENEVITY 💫 Affordable prices for day hospital services ⏩ Experienced doctors 🧬 Modern equipment.,Inpatient Care in Dnipro
лаборатория,Лаборатория в Днепре - сдать анализы быстро и точно,Лаборатория в Днепре 🤍 GENEVITY 💫 Сдать анализы быстро и точно ⏩ Частная лаборатория с современным оборудованием и доступными ценами 🧬 Широкий спектр исследований.,Лаборатория в Днепре,,Лабораторія у Дніпрі - здати аналізи швидко та точно,Лабораторія в Дніпрі 🤍 GENEVITY 💫 Здати аналізи швидко та точно ⏩ Приватна лабораторія із сучасним обладнанням та доступними цінами 🧬 Широкий спектр досліджень.,Лабораторія в Дніпрі,,Laboratory in Dnipro - take tests quickly and accurately,Laboratory in Dnipro 🤍 GENEVITY 💫 Pass tests quickly and accurately ⏩ Private laboratory with modern equipment and affordable prices 🧬 A wide range of studies.,Laboratory in Dnipro
уходовые процедуры,Уходовые процедуры для лица в Днепре - процедуры по уходу за лицом,Уходовые косметологические процедуры в Днепре 🤍 GENEVITY 💫 Доступные цены на уходовые процедуры для лица у косметолога ⏩ Врачи с опытом 🧬 Современное оборудование.,Уходовые процедуры для лица в Днепре,,Доглядові процедури для обличчя в Дніпрі - процедури з догляду за обличчям,Доглядові косметологічні процедури в Дніпрі 🤍 GENEVITY 💫 Доглядові процедури для обличчя у косметолога ⏩ Лікарі з досвідом 🧬 Сучасне обладнання.,Доглядові процедури для обличчя в Дніпрі,,Facial care procedures in Dnipro - facial care procedures,Cosmetic care procedures in Dnipro 🤍 GENEVITY 💫 Facial care procedures from a cosmetologist ⏩ Experienced doctors 🧬 Modern equipment.,Facial Treatments in Dnipro
подолог,Подолог в Днепре - услуги подолога,Прием подолога в Днепре 🤍 GENEVITY 💫 Доступные цены на услуги подолога ⏩ Врачи с опытом 🧬 Современное оборудование.✨ Запись на консультацию,Подолог в Днепре,,Подолог у Дніпрі - послуги подолога,Прийом подолога в Дніпрі 🤍 GENEVITY 💫 Доступні ціни на послуги подолога ⏩ Лікарі з досвідом 🧬 Сучасне обладнання ✨ Запис на консультацію,Подолог в Дніпрі,,Podiatrist in Dnipro - podiatrist services,Flooring appointment in Dnipro 🤍 GENEVITY 💫 Affordable prices for flooring services ⏩ Experienced doctors 🧬 Modern equipment.,Podiatrist in Dnipro
Пластическая хирургия,Пластическая хирургия в Днепре - услуги пластического хирурга,Прием пластического хирурга в Днепре 🤍 GENEVITY 💫 Доступная стоимость пластической хирургии ⏩ Врачи с опытом ✨ Записаться к пластическому хирургу.,Пластическая хирургия в Днепре,,Пластична хірургія у Дніпрі - послуги пластичного хірурга,Прийом пластичного хірурга в Дніпрі 🤍 GENEVITY 💫 Доступна вартість пластичної хірургії ⏩ Лікарі з досвідом ✨ Записатися до пластичного хірурга.,Пластична хірургія у Дніпрі,,Plastic surgery in Dnipro - plastic surgeon services,Plastic surgeon appointment in Dnipro 🤍 GENEVITY 💫 Affordable cost of plastic surgery ⏩ Experienced doctors 🧬 Make an appointment with a plastic surgeon.,Plastic Surgery in Dnipro
контакты,"Контакты GENEVITY в Днепре - адрес, телефон, запись на приём","Контакты 🤍 GENEVITY в Днепре 💫 Адрес, телефон и онлайн-запись ⏩ Связь с врачами и администрацией 🧬 Быстрая консультация и помощь в записи.",Контакты,,"Контакти GENEVITY у Дніпрі - адреса, телефон, запис на прийом","Контакти 🤍 GENEVITY в Дніпрі 💫 Адреса, телефон та онлайн-запис ⏩ Зв'язок з лікарями та адміністрацією 🧬 Швидка консультація та допомога у записі.",Контакти,,"GENEVITY contacts in Dnipro - address, phone, appointment","Contacts 🤍 GENEVITY in Dnipro 💫 Clinic, phone number and online appointment ⏩ Contact with doctors and administration 🧬 Quick consultation and assistance with appointment.",Contacts
О центре,О центре Genevity в Днепре - превентивная медицина и диагностика организма,"О центре Genevity в Днепре 🤍 Центр превентивной медицины и долголетия💫 Комплексная диагностика организма, InBody-анализ, гормональный баланс и аппаратные технологии ⏩ Поддержка здоровья и профилактика старения.",О центре,,Про центр Genevity у Дніпрі - превентивна медицина та діагностика організму,"Про центр Genevity в Дніпрі 🤍 Центр превентивної медицини та довголіття 💫 Комплексна діагностика організму, InBody-аналіз, гормональний баланс та апаратні технології ⏩ Підтримка здоров'я та профілактика старіння.",Про центр,,About the Genevity center in Dnipro - preventive medicine and body diagnostics,"About the Genevity center in Dnipro 🤍 Center for preventive medicine 💫 Comprehensive diagnostics of the body, InBody analysis, hormonal balance and hardware technologies ⏩ Health maintenance and prevention of aging.",About the Center
Врачи,Врачи GENEVITY в Днепре - команда специалистов медицинского центра,"Врачи 🤍 GENEVITY в Днепре 💫 Команда специалистов по превентивной медицине, диагностике и восстановлению здоровья ⏩ Эндокринологи, дерматологи, кометологи, УЗИ, гастроэнтерологи и другие врачи.",Врачи,,Лікарі GENEVITY у Дніпрі – команда фахівців медичного центру,"Лікарі 🤍 GENEVITY у Дніпрі 💫 Команда фахівців з превентивної медицини, діагностики та відновлення здоров'я ⏩ Ендокринологи, дерматологи, косметологи, УЗД, гастроентерологи та інші лікарі.",Лікарі,,GENEVITY doctors in Dnipro - team medical center specialists,"Doctors 🤍 GENEVITY in Dnipro 💫 A team of specialists in preventive medicine, diagnostics and health restoration ⏩ Endocrinologists, dermatologists, ultrasound, gastroenterologists and other doctors.",Doctors
Лицензия на осуществление медицинской практики,Лицензия GENEVITY – медицинская лицензия МОЗ Украины,Лицензия на осуществление медицинской практики 🤍 GENEVITY 💫 Выдана МОЗ Украины согласно приказу №1296 от 14.08.2025 ⏩ Центр долголетия и качества жизни осуществляет деятельность на законных основаниях.,Лицензия на осуществление медицинской практики,,Ліцензія GENEVITY – медична ліцензія МОЗ України,Ліцензія на здійснення медичної практики 🤍 GENEVITY 💫 Видана МОЗ України згідно з наказом №1296 від 14.08.2025 ⏩ Центр довголіття та якості життя здійснює діяльність на законних підставах.,Ліцензія на здійснення медичної практики,,GENEVITY license - medical license of the Ministry of Health of Ukraine,License to practice medicine 🤍 GENEVITY 💫 Issued by the Ministry of Health of Ukraine in accordance with Order No. 1296 of 08/14/2025 ⏩ The Center for Longevity and Quality of Life operates on legal grounds.,Medical Practice License
Правила поведения во время воздушной тревоги,Правила поведения при воздушной тревоге в GENEVITY,Правила поведения во время воздушной тревоги в медицинском центре 🤍 GENEVITY 💫 Информация о действиях пациентов и персонала ⏩ Указания по эвакуации и ближайшие укрытия в Днепре.,Правила поведения во время воздушной тревоги,,Правила поведінки при повітряній тривозі у GENEVITY,Правила поведінки під час повітряної тривоги в медичному центрі 🤍 GENEVITY 💫 Інформація про дії пацієнтів та персоналу ⏩ Вказівки щодо евакуації та найближчі укриття у Дніпрі.,Правила поведінки під час повітряної тривоги,,Rules of conduct during air emergency at GENEVITY,Rules of conduct during an air alarm in a medical center 🤍 GENEVITY 💫 Information on the actions of patients and staff ⏩ Evacuation instructions and the nearest,Rules of Conduct During an Air Raid Alert
Положение об обработке и защите персональных данных,Политика обработки персональных данных GENEVITY,"Положение о порядке обработки и защите персональных данных 🤍 GENEVITY 💫 Информация о правилах сбора, хранения и защиты персональных данных клиентов.",Положение об обработке и защите персональных данных,,Політика обробки персональних даних GENEVITY,"Положення про порядок обробки та захисту персональних даних 🤍 GENEVITY 💫 Інформація про правила збору, зберігання та захисту персональних даних клієнтів.",Положення про обробку та захист персональних даних,,GENEVITY personal data processing policy,"Regulations on the procedure for processing and protecting personal data 🤍 GENEVITY 💫 Information on the rules for collecting, storing and protecting customers' personal data.",Policy on the Processing and Protection of Personal Data
Биоимпедансометрия,Биоимпедансометрия в Днепре - диагностика состава тела Inbody,Анализ состава тела в Днепре 🤍 GENEVITY 💫 Доступные цены на биоимпедансный анализ состава тела ⏩ Врачи с опытом 🧬 Процедура безболезненна.,Биоимпедансометрия в Днепре,,Біоімпедансометрія в Дніпрі — діагностика складу тіла Inbody,Аналіз складу тіла в Дніпрі 🤍 GENEVITY 💫 Доступні ціни на біоімпедансний аналіз складу тіла ⏩ Лікарі з досвідом 🧬 Процедура безболісна.,Біоімпедансометрія в Дніпрі,,Bioimpedance Analysis in Dnipro - InBody Body Composition Analysis,Body Composition Analysis in Dnipro 🤍 GENEVITY 💫 Affordable prices for bioimpedance body composition analysis ⏩ Experienced doctors 🧬 The procedure is painless.,Bioimpedance Analysis in Dnipro
УЗИ,Ультразвуковое исследование в Днепре - Цены на ультразвуковую диагностику (УЗД),УЗД в Днепре 🤍 GENEVITY ✔️ Ультразвуковое исследование (УЗД) в Днепре - диагностика и консультации 💫 Доступная цена ✨ Записаться на ультразвуковую диагностику.,УЗИ в Днепре,,Ультразвукове дослідження в Дніпрі - Ціни на ультразвукову діагностику (УЗД),УЗД у Дніпрі 🤍 GENEVITY ✔️ Ультразвукове дослідження (УЗД) у Дніпрі — діагностика та консультації 💫 Доступна ціна ✨ Записатися на ультразвукову діагностику.,УЗД в Дніпрі,,Ultrasound examination in Dnipro - Prices for ultrasound diagnostics (US),Ultrasound in Dnipro 🤍 GENEVITY ✔️ Ultrasound examinations in Dnipro – diagnostics and consultations 💫 Affordable prices ✨ Schedule an ultrasound appointment.,Ultrasound in Dnipro
Эндокринолог,Эндокринолог в Днепре - консультация эндокринолога,Консультация эндокринолога в Днепре 🤍 GENEVITY 💫 Доступная цена на прием эндокринолога ✨ Записаться на прием к эндокринологу.,Эндокринолог в Днепре,,Ендокринолог у Дніпрі - консультація ендокринолога,Консультація ендокринолога у Дніпрі 🤍 GENEVITY 💫 Доступна ціна на прийом до ендокринолога ✨ Записатися на прийом до ендокринолога.,Ендокринолог в Дніпрі,,Endocrinologist in Dnipro - Endocrinologist consultation,Endocrinologist consultation in Dnipro 🤍 GENEVITY 💫 Affordable price for an endocrinologist appointment ✨ Schedule an appointment with an endocrinologist.,Endocrinologist in Dnipro
Косметолог,Косметолог в Днепре - консультация косметолога,Консультация косметолога в Днепре 🤍 GENEVITY 💫 Доступная цена на прием косметолога ✨ Записаться на прием к косметологу.,Косметолог в Днепре,,Косметолог у Дніпрі - консультація косметолога,Консультація косметолога в Дніпрі 🤍 GENEVITY 💫 Доступна ціна на прийом до косметолога ✨ Записатися на прийом до косметолога.,Косметолог в Дніпрі,,Cosmetologist in Dnipro - Cosmetologist consultation,Cosmetologist consultation in Dnipro 🤍 GENEVITY 💫 Affordable price for a cosmetologist appointment ✨ Schedule an appointment with a cosmetologist.,Cosmetologist in Dnipro
Врач ультразвуковой диагностики,Врач ультразвуковой диагностики в Днепре - консультация врача УЗД,Консультация врача ультразвуковой диагностики в Днепре 🤍 GENEVITY 💫 Доступная цена на прием врача УЗД ✨ Записаться на прием к врачу ультразвуковой диагностики.,Врач ультразвуковой диагностики в Днепре,,Лікар ультразвукової діагностики у Дніпрі - консультація лікаря УЗД,Консультація лікаря ультразвукової діагностики в Дніпрі 🤍 GENEVITY 💫 Доступна ціна на прийом лікаря УЗД ✨ Записатися на прийом до лікаря ультразвукової діагностики.,Лікар ультразвукової діагностики в Дніпрі,,Ultrasound diagnostician in Dnipro - Ultrasound doctor consultation,Ultrasound Diagnostics Consultation in Dnipro 🤍 GENEVITY 💫 Affordable prices for ultrasound appointments ✨ Book an appointment with an ultrasound specialist.,Ultrasound Diagnostician in Dnipro